OrganizationIdentifier,MonitoringLocationIdentifier,MonitoringLocationName,MonitoringLocationTypeName,HUCEightDigitCode,LatitudeMeasure,LongitudeMeasure,StateCode,CountyCode,ProviderName
USGS-IA,USGS-05420500,"Mississippi River at Clinton, IA",Stream,7080101,41.78058635,-90.252073,19,45,NWIS
USGS-IA,USGS-05451210,"South Fork Iowa River NE of New Providence, IA",Stream,7080207,42.31530556,-93.1521944,19,83,NWIS
USGS-IA,USGS-05465500,"Iowa River at Wapello, IA",Stream,7080209,41.1780861,-91.1820917,19,115,NWIS
USGS-IA,USGS-05474000,"Skunk River at Augusta, IA",Stream,7080107,40.75365,-91.2770889,19,57,NWIS
USGS-IA,USGS-05490500,"Des Moines River at Keosauqua, IA",Stream,7100009,40.72780556,-91.9596139,19,177,NWIS
21IOWA_WQX,21IOWA_WQX-10030001,Upper Iowa River near Dorchester,River/Stream,7060002,43.421498,-91.508917,19,5,STORET
21IOWA_WQX,21IOWA_WQX-10030002,Yellow River at Ion,River/Stream,7060001,43.111779,-91.264921,19,5,STORET
21IOWA_WQX,21IOWA_WQX-10040002,Chariton River near Rathbun,River/Stream,10280201,40.81072,-92.88285,19,7,STORET
21IOWA_WQX,21IOWA_WQX-10070001,Beaver Creek near Cedar Falls,River/Stream,7080205,42.57352,-92.50671,19,13,STORET
21IOWA_WQX,21IOWA_WQX-10070002,Wolf Creek at La Porte City,River/Stream,7080205,42.315748,-92.193798,19,13,STORET
21IOWA_WQX,21IOWA_WQX-10070003,West Fork Cedar River at Finchford,River/Stream,7080204,42.628973,-92.543666,19,13,STORET
21IOWA_WQX,21IOWA_WQX-10070004,Black Hawk Creek at Waterloo,River/Stream,7080205,42.469475,-92.413605,19,13,STORET
21IOWA_WQX,21IOWA_WQX-10090001,Cedar River at Janesville,River/Stream,7080201,42.649586,-92.46655,19,17,STORET
21IOWA_WQX,21IOWA_WQX-10100001,Wapsipinicon River near Otterville,River/Stream,7080102,42.512157,-91.974035,19,19,STORET
21IOWA_WQX,21IOWA_WQX-10120001,Shell Rock River at Shell Rock,River/Stream,7080202,42.711543,-92.581429,19,23,STORET
21IOWA_WQX,21IOWA_WQX-10180001,Little Sioux River near Larrabee,River/Stream,10230003,42.864743,-95.463593,19,35,STORET
21IOWA_WQX,21IOWA_WQX-10220001,Turkey River at Garber,River/Stream,7060004,42.739547,-91.261976,19,43,STORET
21IOWA_WQX,21IOWA_WQX-10220002,Volga River near Elkport,River/Stream,7060004,42.749729,-91.27678,19,43,STORET
21IOWA_WQX,21IOWA_WQX-10220003,Bloody Run Creek near Marquette,River/Stream,7060001,43.041505,-91.208083,19,43,STORET
21IOWA_WQX,21IOWA_WQX-10250001,South Raccoon River near Redfield,River/Stream,7100007,41.57974,-94.182917,19,49,STORET
21IOWA_WQX,21IOWA_WQX-10270001,Thompson Fork - Grand River at Davis City,River/Stream,10280102,40.640671,-93.80787,19,53,STORET
21IOWA_WQX,21IOWA_WQX-10300001,Little Sioux River near Milford,River/Stream,10230003,43.318912,-95.181331,19,59,STORET
21IOWA_WQX,21IOWA_WQX-10340001,Cedar River at Midway,River/Stream,7080201,43.008949,-92.602416,19,67,STORET
21IOWA_WQX,21IOWA_WQX-10360001,East Nishnabotna River near Shenandoah,River/Stream,10240003,40.785673,-95.384891,19,71,STORET
21IOWA_WQX,21IOWA_WQX-10360003,Nishnabotna River at Hamburg,River/Stream,10240004,40.601744,-95.645621,19,71,STORET
21IOWA_WQX,21IOWA_WQX-10400001,Boone River near Stratford,River/Stream,7100005,42.34116,-93.89245,19,79,STORET
21IOWA_WQX,21IOWA_WQX-10420001,Iowa River near Gifford,River/Stream,7080207,42.310213,-93.075681,19,83,STORET
21IOWA_WQX,21IOWA_WQX-10420002,S. Fork Iowa River at R Ave,River/Stream,7080207,42.31507,-93.15242,19,83,STORET
21IOWA_WQX,21IOWA_WQX-10430001,Boyer River near Missouri Valley,River/Stream,10230007,41.573127,-95.845229,19,85,STORET
21IOWA_WQX,21IOWA_WQX-10430002,Soldier River at Pisgah,River/Stream,10230001,41.830583,-95.931564,19,85,STORET
21IOWA_WQX,21IOWA_WQX-10440001,Cedar Creek near Oakland Mills,River/Stream,7080107,40.925394,-91.673702,19,87,STORET
21IOWA_WQX,21IOWA_WQX-10460001,West Fork Des Moines River near Humboldt,River/Stream,7100002,42.67472,-94.20725,19,91,STORET
21IOWA_WQX,21IOWA_WQX-10490001,North Fork Maquoketa River near Hurstville,River/Stream,7060006,42.090178,-90.672122,19,97,STORET
21IOWA_WQX,21IOWA_WQX-10490004,Maquoketa River near Maquoketa,River/Stream,7060006,42.070737,-90.695404,19,97,STORET
21IOWA_WQX,21IOWA_WQX-10490005,Maquoketa River near Spragueville,River/Stream,7060006,42.1014,-90.51782,19,97,STORET
21IOWA_WQX,21IOWA_WQX-10500001,Indian Creek near Mingo,River/Stream,7080105,41.746157,-93.226094,19,99,STORET
21IOWA_WQX,21IOWA_WQX-10520001,Old Mans Creek near Iowa City,River/Stream,7080209,41.606526,-91.615628,19,103,STORET
21IOWA_WQX,21IOWA_WQX-10540001,North Skunk River near Hayesville,River/Stream,7080106,41.283753,-92.257395,19,107,STORET
21IOWA_WQX,21IOWA_WQX-10550001,East Fork Des Moines River near St. Joseph,River/Stream,7100003,42.951386,-94.233404,19,109,STORET
21IOWA_WQX,21IOWA_WQX-10560002,Skunk River at Augusta,River/Stream,7080107,40.7534,-91.27559,19,111,STORET
21IOWA_WQX,21IOWA_WQX-10570001,Cedar River near Cedar Rapids,River/Stream,7080206,41.925742,-91.550586,19,113,STORET
21IOWA_WQX,21IOWA_WQX-10580002,Iowa River near Lone Tree,River/Stream,7080209,41.423865,-91.47909,19,103,STORET
21IOWA_WQX,21IOWA_WQX-10580003,Iowa River at Wapello,River/Stream,7080209,41.180331,-91.182147,19,115,STORET
21IOWA_WQX,21IOWA_WQX-10620001,South Skunk River near Oskaloosa,River/Stream,7080105,41.355257,-92.657145,19,123,STORET
21IOWA_WQX,21IOWA_WQX-10630002,Cedar Creek near Bussey,River/Stream,7100009,41.21907,-92.907905,19,125,STORET
21IOWA_WQX,21IOWA_WQX-10630003,Whitebreast Creek near Melcher-Dallas,River/Stream,7100008,41.246687,-93.290114,19,125,STORET
21IOWA_WQX,21IOWA_WQX-10640002,Iowa River near Marshalltown,River/Stream,7080208,42.050799,-92.846577,19,127,STORET
21IOWA_WQX,21IOWA_WQX-10650001,West Nishnabotna River near Malvern,River/Stream,10240002,40.987277,-95.527908,19,129,STORET
21IOWA_WQX,21IOWA_WQX-10670001,Monona-Harrison Ditch near Turin,Canal Drainage,10230004,41.964988,-95.992186,19,133,STORET
21IOWA_WQX,21IOWA_WQX-10670002,Maple River at Mapleton,River/Stream,10230005,42.171425,-95.796137,19,133,STORET
21IOWA_WQX,21IOWA_WQX-10670003,Little Sioux River near Turin,River/Stream,10230003,41.965082,-95.972877,19,133,STORET
21IOWA_WQX,21IOWA_WQX-10700001,Cedar River near Conesville,River/Stream,7080206,41.409359,-91.290171,19,139,STORET
21IOWA_WQX,21IOWA_WQX-10730001,West Nodaway River at Shambaugh,River/Stream,10240009,40.659337,-95.028273,19,145,STORET
21IOWA_WQX,21IOWA_WQX-10730002,East Nodaway River near Clarinda,River/Stream,10240010,40.727435,-94.97975,19,145,STORET
21IOWA_WQX,21IOWA_WQX-10750001,Floyd River near James,River/Stream,10230002,42.57637,-96.31233,19,149,STORET
21IOWA_WQX,21IOWA_WQX-10770001,Beaver Creek at Johnston,River/Stream,7100004,41.688253,-93.7355,19,153,STORET
21IOWA_WQX,21IOWA_WQX-10810001,North Raccoon River near Lake View,River/Stream,7100006,42.340001,-94.985712,19,161,STORET
21IOWA_WQX,21IOWA_WQX-10820001,Wapsipinicon River near De Witt,River/Stream,7080103,41.766533,-90.53491,19,163,STORET
21IOWA_WQX,21IOWA_WQX-10840001,Rock River near Hawarden,River/Stream,10170204,43.083908,-96.445121,19,167,STORET
21IOWA_WQX,21IOWA_WQX-10850002,South Skunk River near Cambridge,River/Stream,7080105,41.95038,-93.551013,19,169,STORET
21IOWA_WQX,21IOWA_WQX-10890001,Des Moines River at Keosauqua,River/Stream,7100009,40.728232,-91.960615,19,177,STORET
21IOWA_WQX,21IOWA_WQX-10910001,Middle River near Indianola,River/Stream,7100008,41.424689,-93.587285,19,181,STORET
21IOWA_WQX,21IOWA_WQX-10910003,South River near Ackworth,River/Stream,7100008,41.372294,-93.430723,19,181,STORET
21IOWA_WQX,21IOWA_WQX-10920001,English River at Riverside,River/Stream,7080209,41.475535,-91.580352,19,183,STORET
21IOWA_WQX,21IOWA_WQX-10970001,Little Sioux River near Smithland,River/Stream,10230003,42.26717,-95.89392,19,193,STORET
21IOWA_WQX,21IOWA_WQX-10970002,West Fork Ditch near Hornick,Canal Drainage,10230004,42.227,-96.0778,19,193,STORET
21IOWA_WQX,21IOWA_WQX-12100002,Lime Creek-Lime Creek Park- Brandon,River/Stream,7080205,42.329191,-91.982178,19,19,STORET
21IOWA_WQX,21IOWA_WQX-12180005,Mill Creek Larrabee,River/Stream,10230003,42.84789,-95.61304,19,35,STORET
21IOWA_WQX,21IOWA_WQX-12190003,Wapsipinicon River-Twin Ponds Park,River/Stream,7080102,43.012575,-92.39028,19,37,STORET
21IOWA_WQX,21IOWA_WQX-12340001,Little Cedar River-Colwell Co Park,River/Stream,7080201,43.152372,-92.643887,19,67,STORET
21IOWA_WQX,21IOWA_WQX-12370002,East Buttrick-Pound Pit Co Area - Dana,River/Stream,7100006,42.07728,-94.248341,19,73,STORET
21IOWA_WQX,21IOWA_WQX-12370003,West Buttrick Creek-Spring Lake Park,River/Stream,7100006,42.070181,-94.286443,19,73,STORET
21IOWA_WQX,21IOWA_WQX-12400007,White Fox Creek-Webster City,River/Stream,7100005,42.535874,-93.787919,19,79,STORET
21IOWA_WQX,21IOWA_WQX-12420001,South Fork Iowa River Logsdon Co Park- Iowa Falls,River/Stream,7080207,42.38525,-93.26243,19,83,STORET
21IOWA_WQX,21IOWA_WQX-12660003,Deer Creek-Carpenter - 1 mile NW,River/Stream,7080201,43.424214,-93.022423,19,131,STORET
21IOWA_WQX,21IOWA_WQX-12940001,Lizard Creek-Clare,River/Stream,7100004,42.541272,-94.345046,19,187,STORET
21IOWA_WQX,21IOWA_WQX-12980003,Willow Creek-Willow Creek Wildlife Area - Hanlontown,River/Stream,7080203,43.276656,-93.354006,19,195,STORET
21IOWA_WQX,21IOWA_WQX-13080006,Big Creek 319 (BCW 9-1),River/Stream,7100004,41.86345,-93.75974,19,15,STORET
21IOWA_WQX,21IOWA_WQX-13770004,Big Creek 319 (BCW9),River/Stream,7100004,41.836478,-93.759958,19,153,STORET
21IOWA_WQX,21IOWA_WQX-13770005,Big Creek 319 (BCW10),River/Stream,7100004,41.82754,-93.772605,19,153,STORET
21IOWA_WQX,21IOWA_WQX-14000134,Lost Grove Lake,Lake,7080103,41.66943,-90.43548,19,163,STORET
21IOWA_WQX,21IOWA_WQX-14000172,LPINELK 1,Lake,7080207,42.36849,-93.070988,19,83,STORET
21IOWA_WQX,21IOWA_WQX-14000173,RKCRK 1,Lake,7080106,41.756911,-92.841601,19,99,STORET
21IOWA_WQX,21IOWA_WQX-14000174,RKCRK 2,Lake,7080106,41.74921,-92.842089,19,99,STORET
21IOWA_WQX,21IOWA_WQX-14000175,RKCRK 3,Lake,7080106,41.744702,-92.838757,19,99,STORET
21IOWA_WQX,21IOWA_WQX-14000176,RKCRK 4,Lake,7080106,41.744307,-92.846215,19,99,STORET
21IOWA_WQX,21IOWA_WQX-14000177,RKCRK 5,Lake,7080106,41.745568,-92.860415,19,99,STORET
21IOWA_WQX,21IOWA_WQX-14000235,Ada Hayden Heritage Park Lake,Lake,7080105,42.06594,-93.6278,19,169,STORET
21IOWA_WQX,21IOWA_WQX-14000242,South Fork Iowa River 3,River/Stream,7080207,42.41421,-93.33139,19,83,STORET
21IOWA_WQX,21IOWA_WQX-14000244,McKinley Lake,Lake,10240012,41.053043,-94.386655,19,175,STORET
21IOWA_WQX,21IOWA_WQX-14000247,Lambach Lake,Lake,7080101,41.52571,-90.67541,19,163,STORET
21IOWA_WQX,21IOWA_WQX-14000248,Blue Grass Lake,Lake,7080101,41.52698,-90.68863,19,163,STORET
21IOWA_WQX,21IOWA_WQX-14000249,Railroad Lake,Lake,7080101,41.52472,-90.68261,19,163,STORET
21IOWA_WQX,21IOWA_WQX-14000250,Fort Des Moines Park Pond,Lake,7100008,41.51705,-93.60934,19,153,STORET
21IOWA_WQX,21IOWA_WQX-14000297,South Fork Iowa River 5,River/Stream,7080207,42.40616,-93.30096,19,83,STORET
21IOWA_WQX,21IOWA_WQX-14000359,North River near Norwalk (Hwy 28),River/Stream,7100008,41.44989,-93.68421,19,181,STORET
21IOWA_WQX,21IOWA_WQX-14000362,LPINELK 2,Lake,7080207,42.369921,-93.070214,19,83,STORET
21IOWA_WQX,21IOWA_WQX-14000363,LPINELK 3,Lake,7080207,42.369126,-93.067244,19,83,STORET
21IOWA_WQX,21IOWA_WQX-14000380,Marble Beach (Marble Beach State Park),Lake,10230003,43.47396,-95.12525,19,59,STORET
21IOWA_WQX,21IOWA_WQX-14000409,West Lake Okoboji - Emerson Bay,Lake,10230003,43.35968,-95.16862,19,59,STORET
21IOWA_WQX,21IOWA_WQX-14000410,West Lake Okoboji - Smiths Bay,Lake,10230003,43.37205,-95.13489,19,59,STORET
21IOWA_WQX,21IOWA_WQX-14000411,West Lake Okoboji - Millers Bay,Lake,10230003,43.3788,-95.17479,19,59,STORET
21IOWA_WQX,21IOWA_WQX-14000412,West Lake Okoboji - Main Basin North,Lake,10230003,43.40923,-95.16792,19,59,STORET
21IOWA_WQX,21IOWA_WQX-14000413,Cedar Lake,Lake,7080205,41.991066,-91.665455,19,113,STORET
21IOWA_WQX,21IOWA_WQX-14000414,Big Creek TMDL 1,Lake,7100004,41.804396,-93.739259,19,153,STORET
21IOWA_WQX,21IOWA_WQX-14000415,Big Creek TMDL 2,Lake,7100004,41.812506,-93.740038,19,153,STORET
21IOWA_WQX,21IOWA_WQX-14000416,Big Creek TMDL 3,Lake,7100004,41.819778,-93.746444,19,153,STORET
21IOWA_WQX,21IOWA_WQX-14000450,Lake Petocka,Lake,7080105,41.706425,-93.440585,19,153,STORET
21IOWA_WQX,21IOWA_WQX-14000526,Iowa LK1,Lake,7080209,41.635235,-92.169498,19,95,STORET
21IOWA_WQX,21IOWA_WQX-14000527,Iowa LK2,Lake,7080209,41.638747,-92.177992,19,95,STORET
21IOWA_WQX,21IOWA_WQX-14000528,Iowa LK3,Lake,7080209,41.641918,-92.173581,19,95,STORET
21IOWA_WQX,21IOWA_WQX-14000529,Iowa LK4,Lake,7080209,41.644075,-92.176578,19,95,STORET
21IOWA_WQX,21IOWA_WQX-14000531,Eldsher 1,Lake,7080207,42.940188,-93.560879,19,81,STORET
21IOWA_WQX,21IOWA_WQX-14000532,Eldsher 2,Lake,7080207,42.939179,-93.562805,19,81,STORET
21IOWA_WQX,21IOWA_WQX-14000533,Eldsher 3,Lake,7080207,42.942721,-93.564584,19,81,STORET
21IOWA_WQX,21IOWA_WQX-14000556,Humeston Reservoir,Lake,10280201,40.882677,-93.507183,19,185,STORET
21IOWA_WQX,21IOWA_WQX-14000557,Lake Fisher,Lake,7110001,40.760455,-92.442552,19,51,STORET
21IOWA_WQX,21IOWA_WQX-14000558,Corydon Reservoir,Lake,10280201,40.750549,-93.33221,19,185,STORET
21IOWA_WQX,21IOWA_WQX-14000559,Stolley Pit,Lake,10230003,43.153994,-95.189698,19,41,STORET
21IOWA_WQX,21IOWA_WQX-14000560,Terry Trueblood,Lake,7080209,41.623172,-91.529966,19,103,STORET
21IOWA_WQX,21IOWA_WQX-14000561,Thomas Mitchell Lake,Lake,7100008,41.642224,-93.382981,19,153,STORET
21IOWA_WQX,21IOWA_WQX-14000562,Terra Park,Lake,7100004,41.661087,-93.706817,19,153,STORET
21IOWA_WQX,21IOWA_WQX-14000563,Sand Lake,Lake,7080208,42.050952,-92.86569,19,127,STORET
21IOWA_WQX,21IOWA_WQX-14000564,Fisher Lake,Lake,7080205,42.535699,-92.412034,19,13,STORET
21IOWA_WQX,21IOWA_WQX-14000565,Alice Wyth Lake,Lake,7080205,42.52976,-92.422026,19,13,STORET
21IOWA_WQX,21IOWA_WQX-14000575,Backbone 1,River/Stream,7060006,42.600132,-91.535003,19,55,STORET
21IOWA_WQX,21IOWA_WQX-14000576,Backbone 2,River/Stream,7060006,42.60135,-91.5371,19,55,STORET
21IOWA_WQX,21IOWA_WQX-14000577,Backbone 3,River/Stream,7060006,42.6043,-91.5384,19,55,STORET
21IOWA_WQX,21IOWA_WQX-14000578,Buffalo Creek,River/Stream,7080102,42.253,-91.4815,19,113,STORET
21IOWA_WQX,21IOWA_WQX-14000592,Luke Rossiter Wildlife Area Wetland 65,Wetland Undifferentiated,7100003,43.345243,-93.831496,19,189,STORET
21IOWA_WQX,21IOWA_WQX-14000593,Crumbacher Wildlife Area Wetland 82,Wetland Undifferentiated,7080205,42.431117,-91.978169,19,19,STORET
21IOWA_WQX,21IOWA_WQX-14000594,Cortright Wildlife Area Wetland 83,Wetland Undifferentiated,7080102,42.521337,-92.003322,19,19,STORET
21IOWA_WQX,21IOWA_WQX-14000595,Cooper's Cove Wetland 116,Wetland Undifferentiated,7100004,42.626572,-94.461154,19,151,STORET
21IOWA_WQX,21IOWA_WQX-14000596,Lylah's Marsh Wetland 193,Wetland Undifferentiated,7080102,43.286651,-92.469365,19,89,STORET
21IOWA_WQX,21IOWA_WQX-14000598,Goodale Park Wetland 463,Wetland Undifferentiated,7080102,43.1879,-92.523973,19,37,STORET
21IOWA_WQX,21IOWA_WQX-14000599,Becker Wildlife Area Wetland 510,Wetland Undifferentiated,7100004,42.541992,-94.212075,19,187,STORET
21IOWA_WQX,21IOWA_WQX-14000600,Richmond Springs Backbone SP Wetland 622,Wetland Undifferentiated,7060006,42.638304,-91.55771,19,55,STORET
21IOWA_WQX,21IOWA_WQX-14000601,Millard Preserve Wetland 801,Wetland Undifferentiated,7080102,42.227713,-91.53187,19,113,STORET
21IOWA_WQX,21IOWA_WQX-14000605,Prairie Rose Station 40,Lake,10240002,41.60424,-95.2157,19,165,STORET
21IOWA_WQX,21IOWA_WQX-14000606,Prairie Rose Station 50,Lake,10240002,41.60759,-95.2133,19,165,STORET
21IOWA_WQX,21IOWA_WQX-14000607,Prairie Rose Station 60,Lake,10240002,41.6036,-95.211,19,165,STORET
21IOWA_WQX,21IOWA_WQX-14000608,Prairie Rose Station 70,Lake,10240002,41.60251,-95.2082,19,165,STORET
21IOWA_WQX,21IOWA_WQX-15280001,Maquoketa below Backbone,River/Stream,7060006,42.5772,-91.5482,19,55,STORET
21IOWA_WQX,21IOWA_WQX-21040001,Honey Creek Beach,Reservoir,10280201,40.867537,-92.919321,19,7,STORET
21IOWA_WQX,21IOWA_WQX-21070001,George Wyth Beach,Lake,7080205,42.535979,-92.404035,19,13,STORET
21IOWA_WQX,21IOWA_WQX-21130001,North Twin Lake West Beach,Lake,7100006,42.479031,-94.637146,19,25,STORET
21IOWA_WQX,21IOWA_WQX-21130002,North Twin Lake East Beach,Lake,7100006,42.4799,-94.63332,19,25,STORET
21IOWA_WQX,21IOWA_WQX-21150001,Lake Anita Beach,Lake,10240003,41.42685,-94.77944,19,29,STORET
21IOWA_WQX,21IOWA_WQX-21170001,Clear Lake State Park Beach,Lake,7080203,43.111086,-93.39614,19,33,STORET
21IOWA_WQX,21IOWA_WQX-21170002,McIntosh Woods Beach,Lake,7080203,43.120303,-93.458755,19,33,STORET
21IOWA_WQX,21IOWA_WQX-21260001,Lake Wapello Beach,Lake,7100009,40.817854,-92.580321,19,51,STORET
21IOWA_WQX,21IOWA_WQX-21270001,Nine Eagles Beach,Lake,10280102,40.599994,-93.766472,19,53,STORET
21IOWA_WQX,21IOWA_WQX-21280001,Backbone Beach,Lake,7060006,42.601452,-91.534197,19,55,STORET
21IOWA_WQX,21IOWA_WQX-21300001,Gull Point Beach,Lake,10230003,43.371222,-95.160845,19,59,STORET
21IOWA_WQX,21IOWA_WQX-21300002,Pikes Point Beach,Lake,10230003,43.415404,-95.164587,19,59,STORET
21IOWA_WQX,21IOWA_WQX-21300003,Triboji Beach,Lake,10230003,43.423886,-95.174717,19,59,STORET
21IOWA_WQX,21IOWA_WQX-21300004,Emerson Bay Beach,Lake,10230003,43.356546,-95.175396,19,59,STORET
21IOWA_WQX,21IOWA_WQX-21300005,Crandalls Beach,Lake,10230003,43.496309,-95.121003,19,59,STORET
21IOWA_WQX,21IOWA_WQX-21300007,Orleans City Beach,Lake,10230003,43.446717,-95.095578,19,59,STORET
21IOWA_WQX,21IOWA_WQX-21350001,Beeds Lake Beach,Lake,7080204,42.768378,-93.244366,19,69,STORET
21IOWA_WQX,21IOWA_WQX-21390001,Springbrook Beach,Lake,7100007,41.776759,-94.465779,19,77,STORET
21IOWA_WQX,21IOWA_WQX-21420001,Pine Lake South Beach,Lake,7080207,42.370543,-93.077994,19,83,STORET
21IOWA_WQX,21IOWA_WQX-21440001,Geode Lake Beach,Lake,7080107,40.826117,-91.392169,19,87,STORET
21IOWA_WQX,21IOWA_WQX-21500001,Rock Creek Beach,Lake,7080106,41.742616,-92.85157,19,99,STORET
21IOWA_WQX,21IOWA_WQX-21520001,Lake Macbride Beach,Lake,7080208,41.797834,-91.563612,19,103,STORET
21IOWA_WQX,21IOWA_WQX-21570001,Pleasant Creek Beach,Lake,7080205,42.124481,-91.817226,19,113,STORET
21IOWA_WQX,21IOWA_WQX-21590001,Red Haw Beach,Lake,7100008,41.000736,-93.274065,19,117,STORET
21IOWA_WQX,21IOWA_WQX-21620001,Lake Keomah Beach,Lake,7080105,41.291232,-92.539666,19,123,STORET
21IOWA_WQX,21IOWA_WQX-21670001,Blue Lake Beach,Lake,10230001,42.041409,-96.162561,19,133,STORET
21IOWA_WQX,21IOWA_WQX-21690001,Viking Lake Beach,Lake,10240009,40.972501,-95.036074,19,137,STORET
21IOWA_WQX,21IOWA_WQX-21770001,Big Creek Beach,Lake,7100004,41.820108,-93.739543,19,153,STORET
21IOWA_WQX,21IOWA_WQX-21780001,Lake Manawa Beach,Lake,10230006,41.200974,-95.859442,19,155,STORET
21IOWA_WQX,21IOWA_WQX-21810001,Denison Beach,Lake,7100006,42.301646,-95.035587,19,161,STORET
21IOWA_WQX,21IOWA_WQX-21810002,Black Hawk Beach,Lake,7100006,42.29299,-95.016776,19,161,STORET
21IOWA_WQX,21IOWA_WQX-21830001,Prairie Rose Beach,Lake,10240002,41.604657,-95.218705,19,165,STORET
21IOWA_WQX,21IOWA_WQX-21860001,Union Grove Beach,Lake,7080208,42.12903,-92.722883,19,171,STORET
21IOWA_WQX,21IOWA_WQX-21870001,Lake of Three Fires Beach,Lake,10240013,40.711254,-94.687496,19,173,STORET
21IOWA_WQX,21IOWA_WQX-21880001,Green Valley Beach,Lake,10240012,41.103881,-94.386199,19,175,STORET
21IOWA_WQX,21IOWA_WQX-21890001,Lacey-Keosauqua Beach,Lake,7100009,40.709206,-91.971532,19,177,STORET
21IOWA_WQX,21IOWA_WQX-21910001,Lake Ahquabi Beach,Lake,7100008,41.290152,-93.590971,19,181,STORET
21IOWA_WQX,21IOWA_WQX-21920001,Lake Darling Beach,Lake,7080107,41.190805,-91.892793,19,183,STORET
21IOWA_WQX,21IOWA_WQX-21930001,Bobwhite State Park,Lake,10280201,40.716664,-93.398371,19,185,STORET
21IOWA_WQX,21IOWA_WQX-21940001,Brushy Creek Beach,Lake,7100004,42.391904,-93.984671,19,187,STORET
21IOWA_WQX,21IOWA_WQX-22010001,Greenfield Lake,Lake,10240009,41.298198,-94.481333,19,1,STORET
21IOWA_WQX,21IOWA_WQX-22010002,Lake Orient,Lake,10240010,41.196437,-94.436176,19,1,STORET
21IOWA_WQX,21IOWA_WQX-22010003,Meadow Lake,Lake,7100008,41.387098,-94.437542,19,1,STORET
21IOWA_WQX,21IOWA_WQX-22010004,Mormon Trail Lake,Lake,10240009,41.242803,-94.635685,19,1,STORET
21IOWA_WQX,21IOWA_WQX-22010005,Nodaway Lake,Lake,10240009,41.289368,-94.497566,19,1,STORET
21IOWA_WQX,21IOWA_WQX-22020001,Lake Icaria,Lake,10240010,41.047901,-94.751936,19,3,STORET
21IOWA_WQX,21IOWA_WQX-22040001,Rathbun Lake,Reservoir,10280201,40.824972,-92.894015,19,7,STORET
21IOWA_WQX,21IOWA_WQX-22050001,Littlefield Lake (maximum water depth),Lake,10240003,41.559414,-94.786286,19,9,STORET
21IOWA_WQX,21IOWA_WQX-22060001,Hannen Lake,Lake,7080208,41.863649,-92.112785,19,11,STORET
21IOWA_WQX,21IOWA_WQX-22060002,Rodgers Lake,Lake,7080205,42.201468,-92.075563,19,11,STORET
21IOWA_WQX,21IOWA_WQX-22070001,George Wyth Lake,Lake,7080205,42.534295,-92.395797,19,13,STORET
21IOWA_WQX,21IOWA_WQX-22070002,Green Belt Lake,Lake,7080205,42.478854,-92.388799,19,13,STORET
21IOWA_WQX,21IOWA_WQX-22070003,Meyers Lake,Lake,7080205,42.461765,-92.289557,19,13,STORET
21IOWA_WQX,21IOWA_WQX-22070004,Mitchell Lake (Deep point),Lake,7080205,42.477224,-92.31408,19,13,STORET
21IOWA_WQX,21IOWA_WQX-22070005,South Prairie Lake,Lake,7080205,42.477834,-92.460163,19,13,STORET
21IOWA_WQX,21IOWA_WQX-22080004,Don Williams Lake (maximum water depth),Lake,7100004,42.111953,-94.019875,19,15,STORET
21IOWA_WQX,21IOWA_WQX-22090001,Avenue of the Saints Lake,Lake,7080202,42.710038,-92.536443,19,17,STORET
21IOWA_WQX,21IOWA_WQX-22110001,Storm Lake Max Depth,Lake,7100006,42.621568,-95.204186,19,21,STORET
21IOWA_WQX,21IOWA_WQX-22130001,North Twin Lake (maximum water depth),Lake,7100006,42.476873,-94.63802,19,25,STORET
21IOWA_WQX,21IOWA_WQX-22140001,Swan Lake Max Depth,Lake,7100007,42.037657,-94.84054,19,27,STORET
21IOWA_WQX,21IOWA_WQX-22150001,Cold Springs Lake,Lake,10240003,41.291871,-95.087473,19,29,STORET
21IOWA_WQX,21IOWA_WQX-22150002,Lake Anita,Lake,10240003,41.42777,-94.781021,19,29,STORET
21IOWA_WQX,21IOWA_WQX-22170001,Clear Lake,Lake,7080203,43.125762,-93.416968,19,33,STORET
21IOWA_WQX,21IOWA_WQX-22200001,East Lake Osceola,Lake,7100008,41.032595,-93.742585,19,39,STORET
21IOWA_WQX,21IOWA_WQX-22200002,West Lake Osceola,Lake,7100008,41.040011,-93.805285,19,39,STORET
21IOWA_WQX,21IOWA_WQX-22240001,Nelson Lake,Lake,10230007,41.936814,-95.588666,19,47,STORET
21IOWA_WQX,21IOWA_WQX-22240002,Yellow Smoke Lake,Lake,10230007,42.022643,-95.324804,19,47,STORET
21IOWA_WQX,21IOWA_WQX-22250001,Beaver Lake,Lake,7100007,41.532455,-94.212452,19,49,STORET
21IOWA_WQX,21IOWA_WQX-22260001,Lake Wapello,Lake,7100009,40.81972,-92.573748,19,51,STORET
21IOWA_WQX,21IOWA_WQX-22270001,Little River Lake,Lake,10280102,40.750377,-93.779024,19,53,STORET
21IOWA_WQX,21IOWA_WQX-22270002,Nine Eagles Lake,Lake,10280102,40.596744,-93.772298,19,53,STORET
21IOWA_WQX,21IOWA_WQX-22270003,Slipbluff Lake,Lake,10280102,40.653769,-93.852916,19,53,STORET
21IOWA_WQX,21IOWA_WQX-22280001,Silver Lake Max Depth,Lake,7060006,42.423635,-91.326682,19,55,STORET
21IOWA_WQX,21IOWA_WQX-22290001,Lake Geode,Lake,7080107,40.811684,-91.387199,19,57,STORET
21IOWA_WQX,21IOWA_WQX-22290002,Big Hollow Lake,Lake,7080104,40.943648,-91.236947,19,57,STORET
21IOWA_WQX,21IOWA_WQX-22300007,Silver Lake Max Depth,Lake,10230003,43.436994,-95.337068,19,59,STORET
21IOWA_WQX,21IOWA_WQX-22300008,East Okoboji Lake,Lake,10230003,43.383101,-95.114833,19,59,STORET
21IOWA_WQX,21IOWA_WQX-22300009,West Okoboji Lake,Lake,10230003,43.374803,-95.148909,19,59,STORET
21IOWA_WQX,21IOWA_WQX-22300010,Center Lake,Lake,10230003,43.412442,-95.138753,19,59,STORET
21IOWA_WQX,21IOWA_WQX-22300011,Lake Minnewashta,Lake,10230003,43.360703,-95.123335,19,59,STORET
21IOWA_WQX,21IOWA_WQX-22300012,Lower Gar Lake,Lake,10230003,43.354894,-95.12101,19,59,STORET
21IOWA_WQX,21IOWA_WQX-22300013,Upper Gar Lake,Lake,10230003,43.369353,-95.120131,19,59,STORET
21IOWA_WQX,21IOWA_WQX-22300014,Big Spirit Lake,Lake,10230003,43.480762,-95.083319,19,59,STORET
21IOWA_WQX,21IOWA_WQX-22320001,Ingham Lake,Lake,7100002,43.31786,-94.700148,19,63,STORET
21IOWA_WQX,21IOWA_WQX-22330001,Volga Lake (maximum water depth),Lake,7060004,42.895701,-91.770847,19,65,STORET
21IOWA_WQX,21IOWA_WQX-22340001,Rudd Lake,Lake,7080202,43.125705,-92.891889,19,67,STORET
21IOWA_WQX,21IOWA_WQX-22350001,Beeds Lake,Lake,7080204,42.769824,-93.237655,19,69,STORET
21IOWA_WQX,21IOWA_WQX-22370001,Spring Lake Max Depth,Lake,7100006,42.060851,-94.288793,19,73,STORET
21IOWA_WQX,21IOWA_WQX-22390001,Springbrook Lake,Lake,7100007,41.776075,-94.466603,19,77,STORET
21IOWA_WQX,21IOWA_WQX-22400001,Little Wall Lake (maximum water depth),Lake,7080105,42.266698,-93.639526,19,79,STORET
21IOWA_WQX,21IOWA_WQX-22400004,Briggs Woods Lake,Lake,7100005,42.432658,-93.79795,19,79,STORET
21IOWA_WQX,21IOWA_WQX-22410001,Crystal Lake Max Depth,Lake,7080207,43.230268,-93.792392,19,81,STORET
21IOWA_WQX,21IOWA_WQX-22410002,Eldred Sherwood Lake,Lake,7080207,42.941399,-93.564755,19,81,STORET
21IOWA_WQX,21IOWA_WQX-22420001,Lower Pine Lake,Lake,7080207,42.366567,-93.077762,19,83,STORET
21IOWA_WQX,21IOWA_WQX-22420002,Upper Pine Lake,Lake,7080207,42.373707,-93.066439,19,83,STORET
21IOWA_WQX,21IOWA_WQX-22430001,DeSoto Bend Lake,Lake,10230006,41.538074,-95.998315,19,85,STORET
21IOWA_WQX,21IOWA_WQX-22430002,Willow Lake,Lake,10230007,41.76936,-95.788952,19,85,STORET
21IOWA_WQX,21IOWA_WQX-22450001,Lake Hendricks,Lake,7080102,43.370764,-92.548167,19,89,STORET
21IOWA_WQX,21IOWA_WQX-22470001,Crawford Creek Lake,Lake,10230005,42.275811,-95.606917,19,93,STORET
21IOWA_WQX,21IOWA_WQX-22470002,Moorehead Lake,Lake,10230005,42.357536,-95.480268,19,93,STORET
21IOWA_WQX,21IOWA_WQX-22480001,Lake Iowa,Lake,7080209,41.634848,-92.173512,19,95,STORET
21IOWA_WQX,21IOWA_WQX-22500001,Rock Creek Max Depth,Lake,7080106,41.739626,-92.85492,19,99,STORET
21IOWA_WQX,21IOWA_WQX-22500002,Mariposa Lake,Lake,7080106,41.777712,-92.96277,19,99,STORET
21IOWA_WQX,21IOWA_WQX-22520001,Lake Macbride (maximum water depth),Lake,7080208,41.793669,-91.572865,19,103,STORET
21IOWA_WQX,21IOWA_WQX-22520005,Kent Park Lake,Lake,7080209,41.723416,-91.73032,19,103,STORET
21IOWA_WQX,21IOWA_WQX-22530001,Central Park Lake,Lake,7060006,42.112527,-91.137301,19,105,STORET
21IOWA_WQX,21IOWA_WQX-22540001,Lake Belva Deer,Lake,7080106,41.377633,-92.123309,19,107,STORET
21IOWA_WQX,21IOWA_WQX-22540002,Yenruogis Pond,Lake,7080106,41.378564,-92.200503,19,107,STORET
21IOWA_WQX,21IOWA_WQX-22550001,Smith Lake,Lake,7100003,43.123398,-94.24147,19,109,STORET
21IOWA_WQX,21IOWA_WQX-22560001,Poll Miller Park Lake,Lake,7080104,40.712645,-91.435951,19,111,STORET
21IOWA_WQX,21IOWA_WQX-22570001,Pleasant Creek Lake,Lake,7080205,42.12475,-91.810338,19,113,STORET
21IOWA_WQX,21IOWA_WQX-22590001,Williamson Pond Max Depth,Lake,7100009,41.096438,-93.215482,19,117,STORET
21IOWA_WQX,21IOWA_WQX-22590002,Red Haw Lake,Lake,7100008,41.000679,-93.271936,19,117,STORET
21IOWA_WQX,21IOWA_WQX-22600001,Lake Pahoja,Lake,10170203,43.382799,-96.470521,19,119,STORET
21IOWA_WQX,21IOWA_WQX-22610004,Badger Creek Max Depth,Lake,7100008,41.469892,-93.910865,19,121,STORET
21IOWA_WQX,21IOWA_WQX-22620001,Hawthorn Lake,Lake,7080106,41.476188,-92.458856,19,123,STORET
21IOWA_WQX,21IOWA_WQX-22620002,Lake Keomah,Lake,7080105,41.29513,-92.538181,19,123,STORET
21IOWA_WQX,21IOWA_WQX-22620003,White Oak Lake,Lake,7080105,41.273886,-92.476195,19,123,STORET
21IOWA_WQX,21IOWA_WQX-22630002,Roberts Creek Lake,Lake,7100008,41.421586,-93.049232,19,125,STORET
21IOWA_WQX,21IOWA_WQX-22640001,Green Castle Lake,Lake,7080208,41.929669,-92.86022,19,127,STORET
21IOWA_WQX,21IOWA_WQX-22670001,Oldham Lake,Lake,10230001,42.008006,-95.789494,19,133,STORET
21IOWA_WQX,21IOWA_WQX-22670002,Blue Lake,Lake,10230001,42.044091,-96.159277,19,133,STORET
21IOWA_WQX,21IOWA_WQX-22680001,Lake Miami Max Depth,Lake,7100009,41.121522,-92.843984,19,135,STORET
21IOWA_WQX,21IOWA_WQX-22690001,Viking Lake,Lake,10240009,40.97617,-95.029909,19,137,STORET
21IOWA_WQX,21IOWA_WQX-22710001,Mill Creek Lake,Lake,10230003,42.984876,-95.67121,19,141,STORET
21IOWA_WQX,21IOWA_WQX-22710002,Dog Creek Lake,Lake,10230003,42.936142,-95.467677,19,141,STORET
21IOWA_WQX,21IOWA_WQX-22730001,Pierce Creek Lake,Lake,10240003,40.831306,-95.357746,19,145,STORET
21IOWA_WQX,21IOWA_WQX-22740001,Five Island Lake,Lake,7100002,43.141767,-94.660349,19,147,STORET
21IOWA_WQX,21IOWA_WQX-22740002,Lost Island Lake,Lake,10230003,43.175492,-94.901916,19,147,STORET
21IOWA_WQX,21IOWA_WQX-22740003,Silver Lake (Palo Alto County),Lake,7100002,43.030235,-94.88418,19,147,STORET
21IOWA_WQX,21IOWA_WQX-22770001,Easter Lake (maximum water depth),Lake,7100008,41.545387,-93.556884,19,153,STORET
21IOWA_WQX,21IOWA_WQX-22770004,Big Creek,Lake,7100004,41.793971,-93.731388,19,153,STORET
21IOWA_WQX,21IOWA_WQX-22770006,Grays Lake,Lake,7100006,41.569883,-93.639426,19,153,STORET
21IOWA_WQX,21IOWA_WQX-22770007,Blue Heron Lake,Lake,7100006,41.544302,-93.725918,19,153,STORET
21IOWA_WQX,21IOWA_WQX-22780002,Arrowhead Lake (Pottawatamie),Lake,10230006,41.435847,-95.592848,19,155,STORET
21IOWA_WQX,21IOWA_WQX-22780003,Lake Manawa,Lake,10230006,41.205027,-95.857569,19,155,STORET
21IOWA_WQX,21IOWA_WQX-22790004,Arbor Lake Max Depth,Lake,7080106,41.731706,-92.732963,19,157,STORET
21IOWA_WQX,21IOWA_WQX-22790005,Diamond Lake,Lake,7080106,41.584702,-92.556038,19,157,STORET
21IOWA_WQX,21IOWA_WQX-22800001,Fogle Lake,Lake,10280101,40.814194,-94.350808,19,159,STORET
21IOWA_WQX,21IOWA_WQX-22810001,Arrowhead Lake (Sac),Lake,7100006,42.29701,-95.051155,19,161,STORET
21IOWA_WQX,21IOWA_WQX-22810002,Black Hawk Lake,Lake,7100006,42.29675,-95.028292,19,161,STORET
21IOWA_WQX,21IOWA_WQX-22820001,Lake of the Hills,Lake,7080101,41.521358,-90.676495,19,163,STORET
21IOWA_WQX,21IOWA_WQX-22830001,Manteno Lake,Lake,10230007,41.853559,-95.467471,19,165,STORET
21IOWA_WQX,21IOWA_WQX-22830002,Prairie Rose Lake,Lake,10240002,41.601319,-95.227489,19,165,STORET
21IOWA_WQX,21IOWA_WQX-22850001,Hickory Grove Lake (maximum water depth),Lake,7080105,41.990363,-93.36369,19,169,STORET
21IOWA_WQX,21IOWA_WQX-22860003,Union Grove Lake,Lake,7080208,42.125205,-92.718868,19,171,STORET
21IOWA_WQX,21IOWA_WQX-22870001,Lake of Three Fires Max Depth,Lake,10240013,40.709919,-94.689703,19,173,STORET
21IOWA_WQX,21IOWA_WQX-22870002,Wilson Lake,Lake,10240013,40.837446,-94.541751,19,173,STORET
21IOWA_WQX,21IOWA_WQX-22870003,Windmill Lake,Lake,10240013,40.731039,-94.827079,19,173,STORET
21IOWA_WQX,21IOWA_WQX-22880001,Green Valley Lake,Lake,10240012,41.097367,-94.383493,19,175,STORET
21IOWA_WQX,21IOWA_WQX-22880002,Thayer Lake,Lake,10280102,41.02162,-94.065683,19,175,STORET
21IOWA_WQX,21IOWA_WQX-22880003,Three Mile Lake,Lake,10280102,41.071382,-94.212987,19,175,STORET
21IOWA_WQX,21IOWA_WQX-22880004,Twelve Mile Lake,Lake,10280102,41.055718,-94.255028,19,175,STORET
21IOWA_WQX,21IOWA_WQX-22880005,Summit Lake,Lake,10240012,41.059964,-94.396477,19,175,STORET
21IOWA_WQX,21IOWA_WQX-22890001,Indian Lake (maximum water depth),Lake,7100009,40.629091,-91.750784,19,177,STORET
21IOWA_WQX,21IOWA_WQX-22890004,Lacey Keosauqua Lake,Lake,7100009,40.711232,-91.970015,19,177,STORET
21IOWA_WQX,21IOWA_WQX-22890005,Lake Sugema,Lake,7100009,40.683281,-91.987545,19,177,STORET
21IOWA_WQX,21IOWA_WQX-22900001,Ottumwa Lagoon Max Depth,Lake,7100009,41.006922,-92.428049,19,179,STORET
21IOWA_WQX,21IOWA_WQX-22910001,Hooper Pond Lake,Lake,7100008,41.277636,-93.5902,19,181,STORET
21IOWA_WQX,21IOWA_WQX-22910002,Lake Ahquabi,Lake,7100008,41.293412,-93.596505,19,181,STORET
21IOWA_WQX,21IOWA_WQX-22920004,Lake Darling Max Depth,Lake,7080107,41.201574,-91.904973,19,183,STORET
21IOWA_WQX,21IOWA_WQX-22930001,Bob White Lake,Lake,10280201,40.7187,-93.400695,19,185,STORET
21IOWA_WQX,21IOWA_WQX-22940001,Badger Lake,Lake,7100004,42.586293,-94.192441,19,187,STORET
21IOWA_WQX,21IOWA_WQX-22940002,Brushy Creek Lake,Lake,7100004,42.38921,-93.980642,19,187,STORET
21IOWA_WQX,21IOWA_WQX-22960004,Lake Meyer (maximum water depth),Lake,7060004,43.175194,-91.91351,19,191,STORET
21IOWA_WQX,21IOWA_WQX-22970001,Browns Lake,Lake,10230001,42.308223,-96.325165,19,193,STORET
21IOWA_WQX,21IOWA_WQX-22970002,Little Sioux Park Lake,Lake,10230003,42.446717,-95.802362,19,193,STORET
21IOWA_WQX,21IOWA_WQX-22970003,Snyder Bend Lake,Lake,10230001,42.281611,-96.335555,19,193,STORET
21IOWA_WQX,21IOWA_WQX-22990001,Lake Cornelia (maximum water depth),Lake,7100005,42.79134,-93.690345,19,197,STORET
21IOWA_WQX,21IOWA_WQX-23000004,Matsell Bridge Wetland 10c,Wetland Undifferentiated,7080102,42.147015,-91.408514,19,113,STORET
21IOWA_WQX,21IOWA_WQX-23000028,Private Wetland 3,Wetland Undifferentiated,7080201,43.313889,-92.674469,19,131,STORET
21IOWA_WQX,21IOWA_WQX-23000093,Doolittle Prairie Wetland 112,Wetland Undifferentiated,7080105,42.14845,-93.58898,19,169,STORET
21IOWA_WQX,21IOWA_WQX-23000094,Kalsow Prairie Wetland 113,Wetland Undifferentiated,7100004,42.56765,-94.56406,19,151,STORET
21IOWA_WQX,21IOWA_WQX-23000096,Hartley Heritage Fen 115,Wetland Undifferentiated,7080105,41.76187,-93.34756,19,99,STORET
21IOWA_WQX,21IOWA_WQX-23000097,Turtlehead Fen 117,Wetland Undifferentiated,7080105,41.78547,-93.34611,19,99,STORET
21IOWA_WQX,21IOWA_WQX-23000118,Buffalo Slough 267,Wetland Undifferentiated,7080203,43.17656,-93.18717,19,33,STORET
21IOWA_WQX,21IOWA_WQX-23170009,Union Hills WPA Wetland 206,Wetland Undifferentiated,7080204,43.021582,-93.423084,19,33,STORET
21IOWA_WQX,21IOWA_WQX-23170010,Hoffman Prairie Wetland 203,Wetland Undifferentiated,7080203,43.134292,-93.456158,19,33,STORET
21IOWA_WQX,21IOWA_WQX-23950007,Pilot Knob State Rec Area Wetland 36,Wetland Undifferentiated,7080203,43.260296,-93.553705,19,189,STORET
21IOWA_WQX,21IOWA_WQX-26770002,Big Creek 319 (BCL4),Lake,7100004,41.831896,-93.752774,19,153,STORET
21IOWA_WQX,21IOWA_WQX-26770004,Big Creek 319 (BCL5),Lake,7100004,41.82228,-93.761837,19,153,STORET
EPA_R7_WQX,EPA_R7_WQX-01-MAQ-12,Maquoketa River,River/Stream,7060006,42.119231,-90.393975,19,97,STORET
EPA_R7_WQX,EPA_R7_WQX-01-MAQ-15,Maquoketa River,River/Stream,7060006,42.184872,-90.977364,19,105,STORET
EPA_R7_WQX,EPA_R7_WQX-01-MAQ-16,Maquoketa River,River/Stream,7060006,42.482458,-91.458612,19,55,STORET
EPA_R7_WQX,EPA_R7_WQX-01-MAQ-19,Maquoketa River,River/Stream,7060006,42.5772,-91.5482,19,55,STORET
EPA_R7_WQX,EPA_R7_WQX-01-MAQ-51,Coffins Creek,River/Stream,7060006,42.49654312,-91.53009795,19,55,STORET
EPA_R7_WQX,EPA_R7_WQX-01-MAQ-53,Honey Creek,River/Stream,7060006,42.5277,-91.4428,19,55,STORET
EPA_R7_WQX,EPA_R7_WQX-01-MAQ-54,Lindsey Creek,River/Stream,7060006,42.54987942,-91.42478287,19,55,STORET
EPA_R7_WQX,EPA_R7_WQX-01-MAQ-6560,Honey Creek,River/Stream,7060006,42.61261269,-91.40793819,19,55,STORET
EPA_R7_WQX,EPA_R7_WQX-01-MAQ-6561,Routherford Branch,River/Stream,7060006,42.586399,-91.387753,19,55,STORET
EPA_R7_WQX,EPA_R7_WQX-01-NMQ-103,Whitewater Creek,River/Stream,7060006,42.304402,-90.911659,19,61,STORET
EPA_R7_WQX,EPA_R7_WQX-01-NMQ-90,North Fork Maquoketa River,River/Stream,7060006,42.299388,-91.012551,19,61,STORET
EPA_R7_WQX,EPA_R7_WQX-01-UIA-236,Upper Iowa River,River/Stream,7060002,43.47449,-91.294889,19,5,STORET
EPA_R7_WQX,EPA_R7_WQX-01-UIA-239,Upper Iowa River,River/Stream,7060002,43.305215,-91.74253,19,191,STORET
EPA_R7_WQX,EPA_R7_WQX-01-UIA-241,Upper Iowa River,River/Stream,7060002,43.407071,-91.898068,19,191,STORET
EPA_R7_WQX,EPA_R7_WQX-01-UIA-248,French Creek,River/Stream,7060002,43.41924,-91.39281,19,5,STORET
EPA_R7_WQX,EPA_R7_WQX-01-UIA-249,Clear Creek,River/Stream,7060002,43.438883,-91.411467,19,5,STORET
EPA_R7_WQX,EPA_R7_WQX-01-UIA-250,Silver Creek,River/Stream,7060002,43.392277,-91.461069,19,5,STORET
EPA_R7_WQX,EPA_R7_WQX-01-UIA-251,Bear Creek,River/Stream,7060002,43.427027,-91.511279,19,5,STORET
EPA_R7_WQX,EPA_R7_WQX-01-UIA-252,South Bear Creek,River/Stream,7060002,43.448662,-91.616818,19,191,STORET
EPA_R7_WQX,EPA_R7_WQX-01-UIA-253,Waterloo Creek,River/Stream,7060002,43.46397461,-91.49878032,19,5,STORET
EPA_R7_WQX,EPA_R7_WQX-01-UIA-254,Duck Creek,River/Stream,7060002,43.48164867,-91.51801615,19,5,STORET
EPA_R7_WQX,EPA_R7_WQX-01-UIA-255,North Bear Creek,River/Stream,7060002,43.449387,-91.616143,19,191,STORET
EPA_R7_WQX,EPA_R7_WQX-01-UIA-257,Paint Creek (aka Pine Cr.),River/Stream,7060002,43.394987,-91.589686,19,5,STORET
EPA_R7_WQX,EPA_R7_WQX-01-UIA-259,Patterson Creek,River/Stream,7060002,43.360199,-91.574923,19,5,STORET
EPA_R7_WQX,EPA_R7_WQX-01-UIA-260,Canoe Creek,River/Stream,7060002,43.36707285,-91.61834553,19,191,STORET
EPA_R7_WQX,EPA_R7_WQX-01-UIA-265,Coon Creek,River/Stream,7060002,43.311694,-91.620526,19,191,STORET
EPA_R7_WQX,EPA_R7_WQX-01-UIA-266,Trout Creek,River/Stream,7060002,43.317612,-91.670453,19,191,STORET
EPA_R7_WQX,EPA_R7_WQX-01-UIA-269,Trout Creek (aka Trout Run),River/Stream,7060002,43.290366,-91.758971,19,191,STORET
EPA_R7_WQX,EPA_R7_WQX-01-UIA-272,Dry Run,River/Stream,7060002,43.291582,-91.809574,19,191,STORET
EPA_R7_WQX,EPA_R7_WQX-01-UIA-273,Twin Springs Creek,River/Stream,7060002,43.29834383,-91.81148874,19,191,STORET
EPA_R7_WQX,EPA_R7_WQX-01-UIA-274,Ten Mile Creek,River/Stream,7060002,43.332961,-91.852586,19,191,STORET
EPA_R7_WQX,EPA_R7_WQX-01-UIA-275,Unnamed Creek (aka Casey Spring Cr.),River/Stream,7060002,43.357634,-91.864801,19,191,STORET
EPA_R7_WQX,EPA_R7_WQX-01-UIA-278,Pine Creek,River/Stream,7060002,43.408723,-91.899129,19,191,STORET
EPA_R7_WQX,EPA_R7_WQX-01-UIA-280,Coldwater Creek,River/Stream,7060002,43.434177,-91.947661,19,191,STORET
EPA_R7_WQX,EPA_R7_WQX-01-UIA-284,Nichols Creek (aka Bigalk Cr.),River/Stream,7060002,43.473928,-92.07971,19,191,STORET
EPA_R7_WQX,EPA_R7_WQX-01-UIA-286,Beaver Creek,River/Stream,7060002,43.4525,-92.336,19,89,STORET
EPA_R7_WQX,EPA_R7_WQX-01-UIA-288,Staff Creek,River/Stream,7060002,43.491535,-92.424176,19,89,STORET
EPA_R7_WQX,EPA_R7_WQX-01-UIA-6552,Dry Run Creek,River/Stream,7060002,43.26129301,-91.88325189,19,191,STORET
EPA_R7_WQX,EPA_R7_WQX-01-UIA-6554,Unnamed Tributary to Unnamed Tributary to Dry Run Creek,River/Stream,7060002,43.24147295,-91.87855177,19,191,STORET
EPA_R7_WQX,EPA_R7_WQX-01-UIA-6555,Unnamed Tributary to Unnamed Tributary to Dry Run Creek,River/Stream,7060002,43.24155422,-91.8933675,19,191,STORET
EPA_R7_WQX,EPA_R7_WQX-01-UIA-6556,Unnamed Tributary to Unnamed Tributary to Dry Run Creek,River/Stream,7060002,43.24213004,-91.90360483,19,191,STORET
EPA_R7_WQX,EPA_R7_WQX-01-UIA-6557,Unnamed Tributary to Dry Run Creek,River/Stream,7060002,43.30605999,-91.86369116,19,191,STORET
EPA_R7_WQX,EPA_R7_WQX-01-UIA-6558,Unnamed Tributary to Dry Run Creek,River/Stream,7060002,43.27309993,-91.85072444,19,191,STORET
EPA_R7_WQX,EPA_R7_WQX-01-UIA-6569,Unnamed Tributary to Silver Creek,River/Stream,7060002,43.391719,-92.100106,19,89,STORET
EPA_R7_WQX,EPA_R7_WQX-01-UIA-6570,Unnamed Tributary to Waterloo Creek,River/Stream,7060002,43.470215,-91.504301,19,5,STORET
EPA_R7_WQX,EPA_R7_WQX-01-UIA-6596,Siewers Spring,River/Stream,7060002,43.272649,-91.780269,19,191,STORET
EPA_R7_WQX,EPA_R7_WQX-01-UIA-6597,Unnamed Tributary to Upper Iowa River,River/Stream,7060002,43.304702,-91.775094,19,191,STORET
EPA_R7_WQX,EPA_R7_WQX-01-UIA-6600,Unnamed Tributary to Dry Run Creek,River/Stream,7060002,43.25530069,-91.8690706,19,191,STORET
EPA_R7_WQX,EPA_R7_WQX-05-NOD-1388,Nodaway River,River/Stream,10240010,40.61499901,-95.01999716,19,145,STORET
EPA_R7_WQX,EPA_R7_WQX-05-NOD-1389,Nodaway River (aka West Nodaway R.),River/Stream,10240009,40.6593365,-95.0282728,19,145,STORET
EPA_R7_WQX,EPA_R7_WQX-05-NOD-1391,East Nodaway River,River/Stream,10240010,40.7274349,-94.9797496,19,145,STORET
EPA_R7_WQX,EPA_R7_WQX-05-NSH-1412,Nishnabotna River,River/Stream,10240004,40.60174359,-95.64562143,19,71,STORET
EPA_R7_WQX,EPA_R7_WQX-05-NSH-1414,East Nishnabotna River,River/Stream,10240003,40.6878387,-95.57703447,19,71,STORET
EPA_R7_WQX,EPA_R7_WQX-05-NSH-1415,East Nishnabotna River,River/Stream,10240003,40.7856731,-95.3848908,19,71,STORET
EPA_R7_WQX,EPA_R7_WQX-05-NSH-1441,West Nishnabotna River,River/Stream,10240002,40.9872773,-95.5279083,19,129,STORET
EPA_R7_WQX,EPA_R7_WQX-05-TAR-1495,Tarkio River,River/Stream,10240005,40.654303,-95.2206081,19,145,STORET
EPA_R7_WQX,EPA_R7_WQX-05-TAR-1497,West Tarkio Creek,River/Stream,10240005,40.683924,-95.306209,19,145,STORET
EPA_R7_WQX,EPA_R7_WQX-DM1,Prairie Creek 6,River/Stream,7100002,43.067291,-94.484505,19,147,STORET
EPA_R7_WQX,EPA_R7_WQX-DM10,Prairie Creek 3,River/Stream,7100002,43.111885,-94.526958,19,147,STORET
EPA_R7_WQX,EPA_R7_WQX-DM11,Prairie Creek 2,River/Stream,7100002,43.12646,-94.526726,19,147,STORET
EPA_R7_WQX,EPA_R7_WQX-DM12,Prairie Creek 1,River/Stream,7100002,43.141026,-94.508819,19,147,STORET
EPA_R7_WQX,EPA_R7_WQX-DM2,Unnamed,River/Stream,7100002,43.067384,-94.461067,19,147,STORET
EPA_R7_WQX,EPA_R7_WQX-DM3,Prairie Creek 7,River/Stream,7100002,43.052718,-94.474233,19,147,STORET
EPA_R7_WQX,EPA_R7_WQX-DM4,Unnamed,River/Stream,7100002,43.052812,-94.470349,19,147,STORET
EPA_R7_WQX,EPA_R7_WQX-DM5,Prairie Creek 5,River/Stream,7100002,43.082942,-94.498192,19,147,STORET
EPA_R7_WQX,EPA_R7_WQX-DM6,Unnamed,River/Stream,7100002,43.083002,-94.467061,19,147,STORET
EPA_R7_WQX,EPA_R7_WQX-DM7,Prairie Creek 4,River/Stream,7100002,43.097395,-94.513754,19,147,STORET
EPA_R7_WQX,EPA_R7_WQX-DM8,Unnamed,River/Stream,7100002,43.097533,-94.496941,19,147,STORET
EPA_R7_WQX,EPA_R7_WQX-DM9,Unnamed,River/Stream,7100002,43.112148,-94.500334,19,147,STORET
EPA_R7_WQX,EPA_R7_WQX-HD1,Tipton Creek 7,River/Stream,7080207,42.370959,-93.346714,19,83,STORET
EPA_R7_WQX,EPA_R7_WQX-HD10,Unnamed,River/Stream,7080207,42.428409,-93.52123,19,79,STORET
EPA_R7_WQX,EPA_R7_WQX-HD11,Tipton Creek 1,River/Stream,7080207,42.441173,-93.520782,19,79,STORET
EPA_R7_WQX,EPA_R7_WQX-HD12,Unnamed,River/Stream,7080207,42.382047,-93.444244,19,83,STORET
EPA_R7_WQX,EPA_R7_WQX-HD13,Unnamed,River/Stream,7080207,42.368336,-93.357851,19,83,STORET
EPA_R7_WQX,EPA_R7_WQX-HD14,Unnamed,River/Stream,7080207,42.403127,-93.501808,19,79,STORET
EPA_R7_WQX,EPA_R7_WQX-HD15,New York Branch 1,River/Stream,7080207,42.406283,-93.540821,19,79,STORET
EPA_R7_WQX,EPA_R7_WQX-HD2,Tipton Creek 6,River/Stream,7080207,42.381022,-93.385824,19,83,STORET
EPA_R7_WQX,EPA_R7_WQX-HD3,Tipton Creek 5,River/Stream,7080207,42.38806,-93.424686,19,83,STORET
EPA_R7_WQX,EPA_R7_WQX-HD4,Tipton Creek 4,River/Stream,7080207,42.398182,-93.443677,19,83,STORET
EPA_R7_WQX,EPA_R7_WQX-HD5,New York Branch 4,River/Stream,7080207,42.39814,-93.474345,19,79,STORET
EPA_R7_WQX,EPA_R7_WQX-HD7,New York Branch 2,River/Stream,7080207,42.401997,-93.521313,19,79,STORET
EPA_R7_WQX,EPA_R7_WQX-HD8,Tipton Creek 3,River/Stream,7080207,42.408003,-93.463021,19,79,STORET
EPA_R7_WQX,EPA_R7_WQX-HD9,Tipton Creek 2,River/Stream,7080207,42.415798,-93.477396,19,79,STORET
EPA_R7_WQX,EPA_R7_WQX-NRR001,North Raccoon River 1,River/Stream,7100006,41.849423,-94.139807,19,49,STORET
EPA_R7_WQX,EPA_R7_WQX-NRR002,North Raccoon River 2,River/Stream,7100006,41.836955,-94.132746,19,49,STORET
EPA_R7_WQX,EPA_R7_WQX-NRR003,North Raccoon River 3,River/Stream,7100006,41.790393,-94.102325,19,49,STORET
EPA_R7_WQX,EPA_R7_WQX-NRR_01,North Raccoon River,River/Stream,7100006,41.849423,-94.139807,19,49,STORET
EPA_R7_WQX,EPA_R7_WQX-NRR_02,North Raccoon River,River/Stream,7100006,41.836955,-94.132746,19,49,STORET
EPA_R7_WQX,EPA_R7_WQX-NRR_03,North Raccoon River,River/Stream,7100006,41.790393,-94.102325,19,49,STORET
EPA_R7_WQX,EPA_R7_WQX-R7RAFT-MSK002,Iowa River at Pow-wow Grounds,River/Stream,7080208,41.967092,-92.63807,19,171,STORET
EPA_R7_WQX,EPA_R7_WQX-RC1,Drainage Ditch 31,River/Stream,7100006,42.324676,-94.877304,19,161,STORET
EPA_R7_WQX,EPA_R7_WQX-RC10,Unnamed,River/Stream,7100006,42.2532,-94.885138,19,161,STORET
EPA_R7_WQX,EPA_R7_WQX-RC11,Unnamed,River/Stream,7100006,42.25102,-94.936227,19,161,STORET
EPA_R7_WQX,EPA_R7_WQX-RC12,Unnamed,River/Stream,7100006,42.27389,-94.916693,19,161,STORET
EPA_R7_WQX,EPA_R7_WQX-RC13,Unnamed,River/Stream,7100006,42.297499,-94.935978,19,161,STORET
EPA_R7_WQX,EPA_R7_WQX-RC14,Unnamed,River/Stream,7100006,42.284008,-94.936115,19,161,STORET
EPA_R7_WQX,EPA_R7_WQX-RC15,North Raccoon River 5,River/Stream,7100006,42.285251,-94.858328,19,25,STORET
EPA_R7_WQX,EPA_R7_WQX-RC16,North Raccoon River 3,River/Stream,7100006,42.301216,-94.892158,19,161,STORET
EPA_R7_WQX,EPA_R7_WQX-RC17,North Raccoon River 4,River/Stream,7100006,42.294774,-94.916678,19,161,STORET
EPA_R7_WQX,EPA_R7_WQX-RC18,North Raccoon River 2,River/Stream,7100006,42.311184,-94.939809,19,161,STORET
EPA_R7_WQX,EPA_R7_WQX-RC19,Indian Creek,River/Stream,7100006,42.337259,-94.993777,19,161,STORET
EPA_R7_WQX,EPA_R7_WQX-RC2,Unnamed,River/Stream,7100006,42.310935,-94.924653,19,161,STORET
EPA_R7_WQX,EPA_R7_WQX-RC20,North Raccoon River 1,River/Stream,7100006,42.340086,-94.98561,19,161,STORET
EPA_R7_WQX,EPA_R7_WQX-RC3,Unnamed,River/Stream,7100006,42.325451,-94.929648,19,161,STORET
EPA_R7_WQX,EPA_R7_WQX-RC4,Drainage Ditch 25,River/Stream,7100006,42.339987,-94.925602,19,161,STORET
EPA_R7_WQX,EPA_R7_WQX-RC5,Unnamed,River/Stream,7100006,42.354421,-94.930343,19,161,STORET
EPA_R7_WQX,EPA_R7_WQX-RC6,Unnamed,River/Stream,7100006,42.32562,-94.951668,19,161,STORET
EPA_R7_WQX,EPA_R7_WQX-RC7,Unnamed,River/Stream,7100006,42.322349,-94.896843,19,161,STORET
EPA_R7_WQX,EPA_R7_WQX-RC8,Unnamed,River/Stream,7100006,42.262135,-94.890647,19,161,STORET
EPA_R7_WQX,EPA_R7_WQX-RC9,Unnamed,River/Stream,7100006,42.256093,-94.91671,19,161,STORET
ERG,ERG-DM1,Des Moines River Watershed 1,River/Stream,7100002,43.0672,-94.4844,19,147,STORET
ERG,ERG-DM10,Des Moines River Watershed 10,River/Stream,7100002,43.1119,-94.5268,19,147,STORET
ERG,ERG-DM11,Des Moines River Watershed 11,River/Stream,7100002,43.1262,-94.5267,19,147,STORET
ERG,ERG-DM12,Des Moines River Watershed 12,River/Stream,7100002,43.1408,-94.5089,19,147,STORET
ERG,ERG-DM2,Des Moines River Watershed 2,River/Stream,7100002,43.067,-94.4611,19,147,STORET
ERG,ERG-DM3,Des Moines River Watershed 3,River/Stream,7100002,43.0527,-94.4742,19,147,STORET
ERG,ERG-DM4,Des Moines River Watershed 4,River/Stream,7100002,43.0527,-94.4702,19,147,STORET
ERG,ERG-DM5,Des Moines River Watershed 5,River/Stream,7100002,43.083,-94.4982,19,147,STORET
ERG,ERG-DM6,Des Moines River Watershed 6,River/Stream,7100002,43.083,-94.467,19,147,STORET
ERG,ERG-DM7,Des Moines River Watershed 7,River/Stream,7100002,43.0974,-94.5137,19,147,STORET
ERG,ERG-DM8,Des Moines River Watershed 8,River/Stream,7100002,43.0974,-94.4969,19,147,STORET
ERG,ERG-DM9,Des Moines River Watershed 9,River/Stream,7100002,43.1121,-94.5007,19,147,STORET
ERG,ERG-HD1,Hardin County 1,River/Stream,7080207,42.3709,-93.3467,19,83,STORET
ERG,ERG-HD10,Hardin County 10,River/Stream,7080207,42.4284,-93.5213,19,79,STORET
ERG,ERG-HD11,Hardin County 11,River/Stream,7080207,42.441,-93.5207,19,79,STORET
ERG,ERG-HD12,Hardin County 12,River/Stream,7080207,42.382,-93.4443,19,83,STORET
ERG,ERG-HD13,Hardin County 13,River/Stream,7080207,42.3683,-93.3578,19,83,STORET
ERG,ERG-HD14,Hardin County 14,River/Stream,7080207,42.4029,-93.5019,19,79,STORET
ERG,ERG-HD15,Hardin County 15,River/Stream,7080207,42.406,-93.5406,19,79,STORET
ERG,ERG-HD2,Hardin County 2,River/Stream,7080207,42.3808,-93.3859,19,83,STORET
ERG,ERG-HD3,Hardin County 3,River/Stream,7080207,42.388,-93.4246,19,83,STORET
ERG,ERG-HD4,Hardin County 4,River/Stream,7080207,42.3981,-93.4436,19,83,STORET
ERG,ERG-HD5,Hardin County 5,River/Stream,7080207,42.398,-93.4742,19,79,STORET
ERG,ERG-HD7,Hardin County 7,River/Stream,7080207,42.4019,-93.5211,19,79,STORET
ERG,ERG-HD9,Hardin County 9,River/Stream,7080207,42.4158,-93.4774,19,79,STORET
ERG,ERG-RC1,Racoon River Watershed 1,River/Stream,7100006,42.3247,-94.8774,19,161,STORET
ERG,ERG-RC10,Racoon River Watershed 10,River/Stream,7100006,42.2527,-94.8851,19,161,STORET
ERG,ERG-RC11,Racoon River Watershed 11,River/Stream,7100006,42.251119,-94.936162,19,161,STORET
ERG,ERG-RC12,Racoon River Watershed 12,River/Stream,7100006,42.2737,-94.9165,19,161,STORET
ERG,ERG-RC13,Racoon River Watershed 13,River/Stream,7100006,42.2971,-94.9359,19,161,STORET
ERG,ERG-RC14,Racoon River Watershed 14,River/Stream,7100006,42.2838,-94.9359,19,161,STORET
ERG,ERG-RC15,Racoon River Watershed 15,River/Stream,7100006,42.2849,-94.8579,19,25,STORET
ERG,ERG-RC16,Racoon River Watershed 16,River/Stream,7100006,42.3014,-94.8922,19,161,STORET
ERG,ERG-RC17,Racoon River Watershed 17,River/Stream,7100006,42.2946,-94.9166,19,161,STORET
ERG,ERG-RC18,Racoon River Watershed 18,River/Stream,7100006,42.311,-94.9399,19,161,STORET
ERG,ERG-RC19,Racoon River Watershed 19,River/Stream,7100006,42.3373,-94.9935,19,161,STORET
ERG,ERG-RC2,Racoon River Watershed 2,River/Stream,7100006,42.3108,-94.9246,19,161,STORET
ERG,ERG-RC20,Racoon River Watershed 20,River/Stream,7100006,42.34,-94.9858,19,161,STORET
ERG,ERG-RC3,Racoon River Watershed 3,River/Stream,7100006,42.3254,-94.9296,19,161,STORET
ERG,ERG-RC4,Racoon River Watershed 4,River/Stream,7100006,42.3399,-94.9256,19,161,STORET
ERG,ERG-RC5,Racoon River Watershed 5,River/Stream,7100006,42.354328,-94.930357,19,161,STORET
ERG,ERG-RC6,Racoon River Watershed 6,River/Stream,7100006,42.3256,-94.9516,19,161,STORET
ERG,ERG-RC7,Racoon River Watershed 7,River/Stream,7100006,42.2645,-94.8869,19,161,STORET
ERG,ERG-RC8,Racoon River Watershed 8,River/Stream,7100006,42.2645177,-94.8869694,19,161,STORET
ERG,ERG-RC9,Racoon River Watershed 9,River/Stream,7100006,42.2559,-94.9166,19,161,STORET
MESKWAKI_DNR,MESKWAKI_DNR-Site 1,Iowa River- Montour,River/Stream Perennial,7080208,41.9869,-92.7009,19,171,STORET
MESKWAKI_DNR,MESKWAKI_DNR-Site 1 Duplicate,Iowa River- Montour,River/Stream Perennial,7080208,41.9869,-92.7009,19,171,STORET
MESKWAKI_DNR,MESKWAKI_DNR-Site 2,Upper Onion Creek,River/Stream Perennial,7080208,41.9987,-92.6708,19,171,STORET
MESKWAKI_DNR,MESKWAKI_DNR-Site 3,Lower Onion Creek,River/Stream Perennial,7080208,41.9848,-92.6724,19,171,STORET
MESKWAKI_DNR,MESKWAKI_DNR-Site 4,Raven Creek,River/Stream Perennial,7080208,41.9649,-92.6699,19,171,STORET
MESKWAKI_DNR,MESKWAKI_DNR-Site 5,Ia River Powwow Grounds,River/Stream Perennial,7080208,41.9671,-92.6386,19,171,STORET
MESKWAKI_DNR,MESKWAKI_DNR-Site 6,Bennet Creek,River/Stream Perennial,7080208,41.9557,-92.6393,19,171,STORET
MESKWAKI_DNR,MESKWAKI_DNR-Site 7,Iowa River East Boundary,River/Stream Perennial,7080208,41.9565,-92.5972,19,171,STORET
MESKWAKI_DNR,MESKWAKI_DNR-Site 7 Duplicate,Iowa River East Boundary,River/Stream Perennial,7080208,41.9565,-92.5972,19,171,STORET
MESKWAKI_DNR,MESKWAKI_DNR-Site 8,Cattail Creek,River/Stream Intermittent,7080208,41.9738,-92.6274,19,171,STORET
MNPCA,MNPCA-S000-097,ROCK RIVER BR ON STATELINE RD 10 MI S OF LUVERNE,River/Stream,10170204,43.500194,-96.184556,19,119,STORET
PCCB_WQX,PCCB_WQX-925036,BBV 925036,River/Stream,7100004,41.7421,-93.8242,19,49,STORET
PCCB_WQX,PCCB_WQX-977003,YYD 977003,River/Stream,7100008,41.5468,-93.5947,19,153,STORET
PCCB_WQX,PCCB_WQX-977012,GLU 977012,River/Stream,7100006,41.5622,-93.6411,19,153,STORET
PCCB_WQX,PCCB_WQX-977029,JJR 977029,River/Stream,7100006,41.5678,-93.7509,19,153,STORET
PCCB_WQX,PCCB_WQX-977043,FFM 977043,River/Stream,7100008,41.629673,-93.548072,19,153,STORET
PCCB_WQX,PCCB_WQX-977059,BBV 977059,River/Stream,7100004,41.73909,-93.78512,19,153,STORET
PCCB_WQX,PCCB_WQX-977060,BBV 977060,River/Stream,7100004,41.68825,-93.73555,19,153,STORET
PCCB_WQX,PCCB_WQX-977061,BBV 977061,River/Stream,7100004,41.65354,-93.69717,19,153,STORET
PCCB_WQX,PCCB_WQX-977062,BBV 977062,River/Stream,7100004,41.66663,-93.72225,19,153,STORET
PCCB_WQX,PCCB_WQX-977063,BBV 977063,River/Stream,7100004,41.66165,-93.71644,19,153,STORET
PCCB_WQX,PCCB_WQX-977065,DBR 977065,River/Stream,7100004,41.6118,-93.61242,19,153,STORET
PCCB_WQX,PCCB_WQX-977066,CCM 977066,River/Stream,7100008,41.63703,-93.37826,19,153,STORET
PCCB_WQX,PCCB_WQX-977067,CCM 977067,River/Stream,7100008,41.57993,-93.35662,19,153,STORET
PCCB_WQX,PCCB_WQX-977068,DSM 977068,River/Stream,7100008,41.57773,-93.60556,19,153,STORET
PCCB_WQX,PCCB_WQX-977070,DDM 977070,River/Stream,7100004,41.68048,-93.66878,19,153,STORET
PCCB_WQX,PCCB_WQX-977071,FFM 977071,River/Stream,7100004,41.6393,-93.62586,19,153,STORET
PCCB_WQX,PCCB_WQX-977072,FFM 977072,River/Stream,7100008,41.84965,-93.65797,19,153,STORET
PCCB_WQX,PCCB_WQX-977073,FFM 977073,River/Stream,7100008,41.58989,-93.52807,19,153,STORET
PCCB_WQX,PCCB_WQX-977074,FFM 977074,River/Stream,7100008,41.82036,-93.62454,19,153,STORET
PCCB_WQX,PCCB_WQX-977075,FFM 977075,River/Stream,7100008,41.77674,-93.59312,19,153,STORET
PCCB_WQX,PCCB_WQX-977076,FFM 977076,River/Stream,7100008,41.74826,-93.58104,19,153,STORET
PCCB_WQX,PCCB_WQX-977077,FFM 977077,River/Stream,7100008,41.71715,-93.56962,19,153,STORET
PCCB_WQX,PCCB_WQX-977078,FFM 977078,River/Stream,7100008,41.70261,-93.55587,19,153,STORET
PCCB_WQX,PCCB_WQX-977079,FFM 977079,River/Stream,7100008,41.6586,-93.54573,19,153,STORET
PCCB_WQX,PCCB_WQX-977080,FFM 977080,River/Stream,7100008,41.6295,-93.54808,19,153,STORET
PCCB_WQX,PCCB_WQX-977081,FFM 977081,River/Stream,7100008,41.61385,-93.54544,19,153,STORET
PCCB_WQX,PCCB_WQX-977082,FFR 977082,River/Stream,7100006,41.53583,-93.67422,19,153,STORET
PCCB_WQX,PCCB_WQX-977083,FFR 977083,River/Stream,7100006,41.55552,-93.68018,19,153,STORET
PCCB_WQX,PCCB_WQX-977084,GLU 977084,River/Stream,7100006,41.56218,-93.64114,19,153,STORET
PCCB_WQX,PCCB_WQX-977085,JJR 977085,River/Stream,7100006,41.5742,-93.78019,19,153,STORET
PCCB_WQX,PCCB_WQX-977086,JJR 977086,River/Stream,7100006,41.56426,-93.73553,19,153,STORET
PCCB_WQX,PCCB_WQX-977087,FLH 977087,River/Stream,7100008,41.58745,-93.54458,19,153,STORET
PCCB_WQX,PCCB_WQX-977088,Unnamed Creek,River/Stream,7100008,41.61498,-93.57166,19,153,STORET
PCCB_WQX,PCCB_WQX-977089,Unnamed Creek,River/Stream,7100008,41.58395,-93.55184,19,153,STORET
PCCB_WQX,PCCB_WQX-977090,FLF 977090,River/Stream,7100008,41.64386,-93.47821,19,153,STORET
PCCB_WQX,PCCB_WQX-977091,FLF 977091,River/Stream,7100008,41.60732,-93.50325,19,153,STORET
PCCB_WQX,PCCB_WQX-977092,MMD 977092,River/Stream,7100008,41.67896,-93.46463,19,153,STORET
PCCB_WQX,PCCB_WQX-977093,MMD 977093,River/Stream,7100008,41.62953,-93.42747,19,153,STORET
PCCB_WQX,PCCB_WQX-977094,MMD 977094,River/Stream,7100008,41.55074,-93.3864,19,153,STORET
PCCB_WQX,PCCB_WQX-977095,WNW 977095,River/Stream,7100006,41.61772,-93.72367,19,153,STORET
PCCB_WQX,PCCB_WQX-977096,WNW 977096,River/Stream,7100006,41.6208,-93.7122,19,153,STORET
PCCB_WQX,PCCB_WQX-977097,WNW 977097,River/Stream,7100006,41.6582295,-93.7682118,19,153,STORET
PCCB_WQX,PCCB_WQX-977098,WNW 977098,River/Stream,7100006,41.65823,-93.76821,19,153,STORET
PCCB_WQX,PCCB_WQX-977099,WNW 977099,River/Stream,7100006,41.62931,-93.74163,19,153,STORET
PCCB_WQX,PCCB_WQX-977100,WNW 977100,River/Stream,7100006,41.61471,-93.72648,19,153,STORET
PCCB_WQX,PCCB_WQX-977101,WNW 977101,River/Stream,7100006,41.60933,-93.7211,19,153,STORET
PCCB_WQX,PCCB_WQX-977102,WNW 977102,River/Stream,7100006,41.59886,-93.71889,19,153,STORET
PCCB_WQX,PCCB_WQX-977103,DSM 977103,River/Stream,7100004,41.61911,-93.64213,19,153,STORET
PCCB_WQX,PCCB_WQX-977104,RRC 977104,River/Stream,7100004,41.74637,-93.64892,19,153,STORET
PCCB_WQX,PCCB_WQX-977105,RRC 977105,River/Stream,7100004,41.71896,-93.64766,19,153,STORET
PCCB_WQX,PCCB_WQX-977106,SSY 977106,River/Stream,7100004,41.69259,-93.62177,19,153,STORET
PCCB_WQX,PCCB_WQX-977107,SSP 977107,River/Stream,7100008,41.60512,-93.44485,19,153,STORET
PCCB_WQX,PCCB_WQX-977108,SSP 977108,River/Stream,7100008,41.55108,-93.44607,19,153,STORET
PCCB_WQX,PCCB_WQX-977109,WWG 977109,River/Stream,7100006,41.5912,-93.69872,19,153,STORET
PCCB_WQX,PCCB_WQX-977110,WWL 977110,River/Stream,7100006,41.61485,-93.79537,19,153,STORET
PCCB_WQX,PCCB_WQX-977111,WWL 977111,River/Stream,7100006,41.61019,-93.7749,19,153,STORET
PCCB_WQX,PCCB_WQX-977112,WWL 977112,River/Stream,7100006,41.60967,-93.75572,19,153,STORET
PCCB_WQX,PCCB_WQX-977113,WWL 977113,River/Stream,7100006,41.60211,-93.73635,19,153,STORET
PCCB_WQX,PCCB_WQX-977114,WWL 977114,River/Stream,7100006,41.59845,-93.71816,19,153,STORET
PCCB_WQX,PCCB_WQX-977115,WWL 977115,River/Stream,7100006,41.58262,-93.70281,19,153,STORET
PCCB_WQX,PCCB_WQX-977116,YYD 977116,River/Stream,7100008,41.53779,-93.63054,19,153,STORET
PCCB_WQX,PCCB_WQX-977117,YYD 977117,River/Stream,7100008,41.54204,-93.58338,19,153,STORET
PCCB_WQX,PCCB_WQX-977118,Raccoon River,River/Stream,7100006,41.57409,-93.64819,19,153,STORET
PCCB_WQX,PCCB_WQX-977119,DSM 977119,River/Stream,7100004,41.61846,-93.64303,19,153,STORET
PCCB_WQX,PCCB_WQX-977120,BBV 977120,River/Stream,7100004,41.7394,-93.7851,19,153,STORET
PCCB_WQX,PCCB_WQX-977121,BLB 977121,River/Stream,7100004,41.70629444,-93.7465833,19,153,STORET
PCCB_WQX,PCCB_WQX-977125,BBV 977125,River/Stream,7100004,41.6727,-93.7257,19,153,STORET
PCCB_WQX,PCCB_WQX-977147,WWL 977147,River/Stream,7100006,41.5932,-93.7129,19,153,STORET
PCCB_WQX,PCCB_WQX-977150,JJR 977150,River/Stream,7100006,41.5586,-93.7268,19,153,STORET
PCCB_WQX,PCCB_WQX-977152,CCM 977152,River/Stream,7100008,41.6427,-93.3799,19,153,STORET
PCCB_WQX,PCCB_WQX-977156,CCM 977156,River/Stream,7100008,41.53909,-93.33851,19,153,STORET
PCCB_WQX,PCCB_WQX-977157,BLB 977157,River/Stream,7100004,41.70456,-93.79457,19,153,STORET
PCCB_WQX,PCCB_WQX-977158,BLB 977158,River/Stream,7100004,41.70921,-93.75556,19,153,STORET
PCCB_WQX,PCCB_WQX-977159,BLB 977159,River/Stream,7100004,41.69543,-93.73662,19,153,STORET
PCCB_WQX,PCCB_WQX-977160,BBV 977160,River/Stream,7100004,41.65259,-93.68721,19,153,STORET
PCCB_WQX,PCCB_WQX-977161,BCL 977161,Lake,7100004,41.81192,-93.73736,19,153,STORET
PCCB_WQX,PCCB_WQX-977163,GLL 977163,Lake,7100006,41.56896,-93.63835,19,153,STORET
PCCB_WQX,PCCB_WQX-977164,SLL 977164,Lake,7100004,41.75864,-93.74703,19,153,STORET
PCCB_WQX,PCCB_WQX-977165,DWP 977165,River/Stream,7100006,41.59818,-93.68876,19,153,STORET
PCCB_WQX,PCCB_WQX-977167,DGP 977167,River/Stream,7100006,41.57949,-93.68206,19,153,STORET
PCCB_WQX,PCCB_WQX-977168,DWP 977168,River/Stream,7100004,41.60799,-93.66373,19,153,STORET
PCCB_WQX,PCCB_WQX-977169,DGP 977169,River/Stream,7100008,41.61525,-93.55834,19,153,STORET
PCCB_WQX,PCCB_WQX-977170,DMP 977170,River/Stream,7100006,41.56875,-93.6238,19,153,STORET
PCCB_WQX,PCCB_WQX-977171,DHR 977171,River/Stream,7100006,41.549,-93.65317,19,153,STORET
PCCB_WQX,PCCB_WQX-977173,DDP 977173,River/Stream,7100008,41.58058,-93.57211,19,153,STORET
PCCB_WQX,PCCB_WQX-977189,SSY 977189,River/Stream,7100004,41.7171,-93.6232,19,153,STORET
PCCB_WQX,PCCB_WQX-977192,BBG 977192,River/Stream,7100004,41.77987,-93.71081,19,153,STORET
PCCB_WQX,PCCB_WQX-977196,RRO 977196,River/Stream,7100004,41.7526,-93.6505,19,153,STORET
PCCB_WQX,PCCB_WQX-977197,WWL 977197,River/Stream,7100006,41.5757,-93.6961,19,153,STORET
PCCB_WQX,PCCB_WQX-977199,JJR 977199,River/Stream,7100006,41.5706,-93.73193,19,153,STORET
PCCB_WQX,PCCB_WQX-977200,WWL 977200,River/Stream,7100006,41.60991,-93.75517,19,153,STORET
PCCB_WQX,PCCB_WQX-977214,JPP 977214,River/Stream,7100004,41.7864,-93.79259,19,153,STORET
PCCB_WQX,PCCB_WQX-977221,CCP 977221,River/Stream,7100008,41.60163,-93.52805,19,153,STORET
PCCB_WQX,PCCB_WQX-977222,SSP 977222,River/Stream,7100008,41.58128,-93.44315,19,153,STORET
PCCB_WQX,PCCB_WQX-977223,WWL 977223,River/Stream,7100006,41.67779,-93.85293,19,49,STORET
PCCB_WQX,PCCB_WQX-977224,WWL 977224,River/Stream,7100006,41.6293,-93.81442,19,153,STORET
PCCB_WQX,PCCB_WQX-977225,WLW 977225,River/Stream,7100006,41.63927,-93.85279,19,49,STORET
PCCB_WQX,PCCB_WQX-977242,SSP 977242,River/Stream,7100008,41.5992,-93.4502,19,153,STORET
PCCB_WQX,PCCB_WQX-977252,WNW  977252,River/Stream,7100006,41.616,-93.7264,19,153,STORET
PCCB_WQX,PCCB_WQX-977270,JJR 977270,River/Stream,7100006,41.5741,-93.7747,19,153,STORET
PCCB_WQX,PCCB_WQX-977273,YYD 977273,River/Stream,7100008,41.5371,-93.633,19,153,STORET
PCCB_WQX,PCCB_WQX-977275,ELO 977275,River/Stream,7100008,41.5494,-93.5538,19,153,STORET
PCCB_WQX,PCCB_WQX-977300,JPW 977300,River/Stream,7100004,41.788,-93.7913,19,153,STORET
PCCB_WQX,PCCB_WQX-977301,FFM 977301,River/Stream,7100008,41.7611,-93.5906,19,153,STORET
PCCB_WQX,PCCB_WQX-977302,MMD 977302,River/Stream,7100008,41.529,-93.3767,19,153,STORET
PCCB_WQX,PCCB_WQX-977303,MMD 977303,River/Stream,7100008,41.673,-93.4552,19,153,STORET
PCCB_WQX,PCCB_WQX-977304,MMD 977304,River/Stream,7100008,41.63335,-93.412267,19,153,STORET
PCCB_WQX,PCCB_WQX-977305,YYD 977305,River/Stream,7100008,41.537,-93.6159,19,153,STORET
PCCB_WQX,PCCB_WQX-977306,CBL 977306,River/Stream,7080105,41.77698,-93.3961,19,153,STORET
PCCB_WQX,PCCB_WQX-977307,CCR 977307,River/Stream,7080105,41.795,-93.4113,19,153,STORET
PCCB_WQX,PCCB_WQX-977308,FFM 977308,River/Stream,7100008,41.5685,-93.5224,19,153,STORET
PCCB_WQX,PCCB_WQX-977309,FDR 977309,River/Stream,7100008,41.7366,-93.5706,19,153,STORET
PCCB_WQX,PCCB_WQX-977310,C04 977310,River/Stream,7080105,41.7896,-93.418,19,153,STORET
PCCB_WQX,PCCB_WQX-977311,C38 977311,River/Stream,7080105,41.7465,-93.3816,19,153,STORET
PCCB_WQX,PCCB_WQX-977312,FMC 977312,River/Stream,7100008,41.6671,-93.5463,19,153,STORET
PCCB_WQX,PCCB_WQX-977313,JPW 977313,River/Stream,7100004,41.7878,-93.791,19,153,STORET
PCCB_WQX,PCCB_WQX-977321,FLF 977321,River/Stream,7100008,41.600049,-93.521108,19,153,STORET
PCCB_WQX,PCCB_WQX-977322,SSN 977322,River/Stream,7080105,41.710096,-93.376935,19,153,STORET
PCCB_WQX,PCCB_WQX-977323,ELM 977323,River/Stream,7100008,41.529457,-93.554754,19,153,STORET
PCCB_WQX,PCCB_WQX-977324,FLF 977324,River/Stream,7100008,41.646061,-93.476851,19,153,STORET
PCCB_WQX,PCCB_WQX-977325,CCW 977325,River/Stream,7100008,41.571387,-93.600861,19,153,STORET
PCCB_WQX,PCCB_WQX-977326,CLI 977326,River/Stream,7100008,41.557909,-93.564256,19,153,STORET
PCCB_WQX,PCCB_WQX-977327,IIN 977327,River/Stream,7080105,41.8566,-93.3862,19,153,STORET
PCCB_WQX,PCCB_WQX-977328,DSM 977328,River/Stream,7100004,41.6153,-93.6322,19,153,STORET
PCCB_WQX,PCCB_WQX-977329,DSM 977329,River/Stream,7100008,41.5688,-93.5777,19,153,STORET
PCCB_WQX,PCCB_WQX-977330,WGC 977330,River/Stream,7100006,41.60405,-93.684783,19,153,STORET
PCCB_WQX,PCCB_WQX-977331,FFM 977331,River/Stream,7100008,41.804122,-93.601439,19,153,STORET
PCCB_WQX,PCCB_WQX-977332,FFM 977332,River/Stream,7100008,41.805758,-93.615953,19,153,STORET
PCCB_WQX,PCCB_WQX-977333,DGW 977333,River/Stream,7100006,41.5805449,-93.681976,19,153,STORET
PCCB_WQX,PCCB_WQX-977334,DGE 977334,River/Stream,7100006,41.5820693,-93.6796577,19,153,STORET
PCCB_WQX,PCCB_WQX-977335,DGS 977335,River/Stream,7100006,41.5753775,-93.6840274,19,153,STORET
